uuid,name,highScoreuuid,name,highScore
94f94657-0bec-4392-9831-8b327ba716da,LAKSH,0
uuid,name,highScore
aa55638f-1f96-4383-8ef2-d990287aec2a,LAKSH,0
uuid,name,highScore
92415dcd-9113-4a6b-900d-faf099c109d2,LAKSH,0
uuid,name,highScore
26d3b449-fb05-43be-a5dc-42b5761aa9f9,LAKSH,0
uuid,name,highScore
02343999-6fba-4d62-acea-a3c11400405c,LAKSH,0
uuid,name,highScore
460d1b0c-7a00-43e1-81b0-21c56a1b9e4e,LAKSH,0
uuid,name,highScore
296fbd76-f63d-4179-a1c0-29548c856334,LAKSH,0
uuid,name,highScore
fdb186de-3072-4fec-8201-4fd3861728e8,LAKSH,0
